{"cameraMode":{"drawMode":0,"name":"Shaded","section":"Shading Mode"},"sceneLighting":true,"audioPlay":false,"sceneViewState":{"m_AlwaysRefresh":false,"showFog":true,"showSkybox":true,"showFlares":true,"showImageEffects":true,"showParticleSystems":true,"showVisualEffectGraphs":true,"m_FxEnabled":true},"in2DMode":false,"pivot":{"x":-1.631151556968689,"y":-0.41947484016418459,"z":2.362147092819214},"rotation":{"x":-0.39780277013778689,"y":-0.020629899576306344,"z":0.009018536657094956,"w":-0.917255163192749},"size":7.511023998260498,"orthographic":false}